<?xml version="1.0" encoding="UTF-8" ?>
<!DOCTYPE mapper
        PUBLIC "-//mybatis.org//DTD Mapper 3.0//EN"
        "http://mybatis.org/dtd/mybatis-3-mapper.dtd">
<mapper namespace="com.ktng.ws2020.domain.vhz.dao.VHZ2030Mapper">

	<select id="selectMenuList" resultType="com.ktng.ws2020.domain.vhz.model.VHZ2030DTO">
		SELECT MENU_CD,MENU_NM,UPPR_MENU_CD,ORDER_NO,MENU_LVL,MENU_URL 
		  FROM WBNG.WT_CM_MENU   
         WHERE MENU_CD LIKE '%'||#{menuCd}||'%'
  	       AND MENU_NM LIKE '%'||#{menuNm}||'%'
	  ORDER BY MENU_CD   	     
 	</select>
 	
    <insert id="insertMenuList" parameterType="com.ktng.ws2020.domain.vhz.model.VHZ2030DTO">
     INSERT INTO WBNG.WT_CM_MENU ( MENU_CD,MENU_NM,UPPR_MENU_CD,ORDER_NO,MENU_TYP,MENU_LVL,MENU_URL,STDT,EDDT,RGST,CREATE_DATE)
     VALUES (#{menuCd},#{menuNm},#{upprMenuCd},#{orderNo},'1',#{menuLvl},#{menuUrl},TO_CHAR(SYSDATE,'YYYYMMDD'),'99991231',#{rgst},SYSDATE )
    </insert>   
     	
    <update id="updateMenuList" parameterType="com.ktng.ws2020.domain.vhz.model.VHZ2030DTO">
		UPDATE WBNG.WT_CM_MENU
		   SET MENU_NM           = #{menuNm}
		     , UPPR_MENU_CD      = #{upprMenuCd}
		     , ORDER_NO          = #{orderNo}
		     , MENU_LVL          = #{menuLvl}
		     , MENU_URL          = #{menuUrl}
             , MODIFY_DATE       = SYSDATE
		     , RGST              = #{rgst}
		 WHERE MENU_CD           = #{menuCd}
    </update>     	
    
    <delete id="deleteMenuList" parameterType="com.ktng.ws2020.domain.vhz.model.VHZ2030DTO">
		DELETE WBNG.WT_CM_MENU
		 WHERE MENU_CD           = #{menuCd}
    </delete>       

</mapper>