<?xml version="1.0" encoding="UTF-8" ?>
<!DOCTYPE mapper
        PUBLIC "-//mybatis.org//DTD Mapper 3.0//EN"
        "http://mybatis.org/dtd/mybatis-3-mapper.dtd">
<mapper namespace="com.ktng.ws2020.domain.vhz.dao.VHZ3010Mapper">

	<select id="selectRoleListByRolcd" resultType="com.ktng.ws2020.domain.vhz.model.VHZ3010DTO">
		SELECT ROLE_CD,ROLE_NM,RMK 
		  FROM WBNG.WT_CM_ROLE
		 WHERE ROLE_CD LIKE '%'||#{roleCd}||'%'
		   AND ROLE_NM LIKE '%'||#{roleNm}||'%'
 	</select>
 	
    <insert id="insertRoleList" parameterType="com.ktng.ws2020.domain.vhz.model.VHZ3010DTO">
		INSERT INTO WBNG.WT_CM_ROLE (ROLE_CD, ROLE_NM, RMK, RGST, CREATE_DATE )
		VALUES (#{roleCd}, #{roleNm}, #{rmk}, #{rgst}, SYSDATE)
    </insert>   
     	
    <update id="updateRoleList" parameterType="com.ktng.ws2020.domain.vhz.model.VHZ3010DTO">
		UPDATE WBNG.WT_CM_ROLE
		   SET ROLE_NM     = #{vo.roleNm}
		      ,RMK         = #{vo.rmk}
		      ,RGST        = #{modifier}
		      ,MODIFY_DATE = SYSDATE		      
		 WHERE ROLE_CD     = #{vo.roleCd}
    </update>     	
    
    <delete id="deleteRoleList" parameterType="com.ktng.ws2020.domain.vhz.model.VHZ3010DTO">
   	     DELETE WBNG.WT_CM_ROLE  WHERE ROLE_CD = #{roleCd}
    </delete>       

</mapper>