<?xml version="1.0" encoding="UTF-8" ?>
<!DOCTYPE mapper
        PUBLIC "-//mybatis.org//DTD Mapper 3.0//EN"
        "http://mybatis.org/dtd/mybatis-3-mapper.dtd">
<mapper namespace="com.ktng.ws2020.domain.vhz.dao.VHZ3040Mapper">

	<select id="selectAdmIpList" resultType="com.ktng.ws2020.domain.vhz.model.VHZ3040DTO">
      SELECT A.EMP_NO,
             (SELECT Z.EMP_NM FROM EAI.IV_HT_PHM_MASTER_KTG_INT Z WHERE Z.EMP_NO = A.EMP_NO) AS EMP_NM,
             A.IP_ADDR, A.LIMIT_DATE
        FROM WBNG.TB_TASIO_ADM_IP A
       WHERE A.EMP_NO  LIKE '%'||#{empNo} ||'%'
  	     AND A.IP_ADDR LIKE '%'||#{ipAddr}||'%'
 	</select>
 	
    <insert id="insertAdmIpList" parameterType="com.ktng.ws2020.domain.vhz.model.VHZ3040DTO">
		INSERT INTO WBNG.TB_TASIO_ADM_IP (EMP_NO, IP_ADDR, LIMIT_DATE, REG_ID, REG_DATE)
		VALUES (#{empNo}, #{ipAddr}, #{limitDate}, #{regId}, sysdate)
    </insert>   
     	
    <update id="updateAdmIpList" parameterType="com.ktng.ws2020.domain.vhz.model.VHZ3040DTO">
		UPDATE WBNG.TB_TASIO_ADM_IP
		   SET LIMIT_DATE       = #{limitDate}
		     , MOD_ID           = #{modId}
		     , MOD_DATE         = SYSDATE
		 WHERE EMP_NO           = #{empNo}
		   AND IP_ADDR          = #{ipAddr}
    </update>     	
    
    <delete id="deleteAdmIpList" parameterType="com.ktng.ws2020.domain.vhz.model.VHZ3040DTO">
		DELETE WBNG.TB_TASIO_ADM_IP
		 WHERE EMP_NO           = #{empNo}
		   AND IP_ADDR          = #{ipAddr}
    </delete>       

</mapper>