<?xml version="1.0" encoding="UTF-8" ?>
<!DOCTYPE mapper
        PUBLIC "-//mybatis.org//DTD Mapper 3.0//EN"
        "http://mybatis.org/dtd/mybatis-3-mapper.dtd">
<mapper namespace="com.ktng.ws2020.domain.vhz.dao.VHZ3030Mapper">

	<select id="selectTempUserList" resultType="com.ktng.ws2020.domain.vhz.model.VHZ3030DTO">
      SELECT EMP_NO, EMP_NM, CELL_PHN_NO, PAR_CD, PAR_NM, DEP_CD, DEP_NM, PART_CD, PART_NM, ROLE_CD, VHCL_DEPT_CD, LOGIN_USER_GUBUN
        FROM WBNG.TB_LOGIN_TEMP_USER
       WHERE EMP_NO LIKE '%'||#{empNo}||'%'
  	     AND EMP_NM LIKE '%'||#{empNm}||'%'
       ORDER BY EMP_NM   	     
 	</select>
 	
    <insert id="insertTempUserList" parameterType="com.ktng.ws2020.domain.vhz.model.VHZ3030DTO">
		INSERT INTO WBNG.TB_LOGIN_TEMP_USER (EMP_NO, EMP_NM, CELL_PHN_NO, PAR_CD, PAR_NM, DEP_CD, DEP_NM, PART_CD, PART_NM, ROLE_CD, VHCL_DEPT_CD, LOGIN_USER_GUBUN, REG_ID, REG_DATE )
		VALUES (#{empNo}, #{empNm}, #{cellPhnNo}, #{parCd}, #{parNm}, #{depCd}, #{depNm}, #{partCd}, #{partNm}, #{roleCd}, #{vhclDeptCd}, #{loginUserGubun}, #{regId}, SYSDATE)
    </insert>   
     	
    <update id="updateTempUserList" parameterType="com.ktng.ws2020.domain.vhz.model.VHZ3030DTO">
		UPDATE WBNG.TB_LOGIN_TEMP_USER
		   SET EMP_NM           = #{empNm}
		     , CELL_PHN_NO      = #{cellPhnNo}
		     , PAR_CD           = #{parCd}
		     , PAR_NM           = #{parNm}
		     , DEP_CD           = #{depCd}
		     , DEP_NM           = #{depNm}
		     , PART_CD          = #{partCd}
		     , PART_NM          = #{partNm}
		     , ROLE_CD          = #{roleCd}
		     , VHCL_DEPT_CD     = #{vhclDeptCd}
		     , LOGIN_USER_GUBUN = #{loginUserGubun}
		     , MOD_ID           = #{modId}
		     , MOD_DATE         = SYSDATE
		 WHERE EMP_NO           = #{empNo}
    </update>     	
    
    <delete id="deleteTempUserList" parameterType="com.ktng.ws2020.domain.vhz.model.VHZ3030DTO">
		DELETE WBNG.TB_LOGIN_TEMP_USER
		 WHERE EMP_NO           = #{empNo}
    </delete>       

</mapper>