<?xml version="1.0" encoding="UTF-8" ?>
<!DOCTYPE mapper
        PUBLIC "-//mybatis.org//DTD Mapper 3.0//EN"
        "http://mybatis.org/dtd/mybatis-3-mapper.dtd">
<mapper namespace="com.ktng.ws2020.domain.vhz.dao.VHZ3020Mapper">

	<select id="selectRoleMenuList" resultType="com.ktng.ws2020.domain.vhz.model.VHZ3020DTO">
		SELECT A.ROLE_CD, B.ROLE_NM, A.MENU_CD, C.MENU_NM
		  FROM WBNG.WT_CM_ROLE_MENU A,
		       WBNG.WT_CM_ROLE B,
		       WBNG.WT_CM_MENU C
		 WHERE A.ROLE_CD = B.ROLE_CD
		   AND A.MENU_CD = C.MENU_CD
		   AND A.ROLE_CD LIKE '%'||#{roleCd}||'%'
		   AND A.MENU_CD LIKE '%'||#{menuCd}||'%'
		ORDER BY A.ROLE_CD, A.MENU_CD 
 	</select>
 	
    <insert id="insertRoleMenuList" parameterType="com.ktng.ws2020.domain.vhz.model.VHZ3020DTO">
		INSERT INTO WBNG.WT_CM_ROLE_MENU (ROLE_CD, MENU_CD, RGST, CREATE_DATE )
		VALUES (#{roleCd}, #{menuCd}, #{rgst}, SYSDATE)
    </insert>   
     	
    <update id="updateRoleMenuList" parameterType="com.ktng.ws2020.domain.vhz.model.VHZ3020DTO">
		UPDATE WBNG.WT_CM_ROLE_MENU
		   SET RGST        = #{rgst}
		 WHERE ROLE_CD     = #{roleCd}
		   AND MENU_CD     = #{menuCd}
    </update>     	
    
    <delete id="deleteRoleMenuList" parameterType="com.ktng.ws2020.domain.vhz.model.VHZ3020DTO">
   	     DELETE WBNG.WT_CM_ROLE_MENU  
		 WHERE ROLE_CD     = #{roleCd}
		   AND MENU_CD     = #{menuCd}
    </delete>       

</mapper>