<?xml version="1.0" encoding="UTF-8" ?>
<!DOCTYPE mapper
        PUBLIC "-//mybatis.org//DTD Mapper 3.0//EN"
        "http://mybatis.org/dtd/mybatis-3-mapper.dtd">
<mapper namespace="com.ktng.ws2020.domain.vhb.dao.VHB0020SubMapper">
	<!-- 배차신청관리_V1.1.sql -->

	<!-- 배차신청건 상세 조회 -->
	<select id="selectOne" resultType="com.ktng.ws2020.domain.vhb.model.VHB0020SubDTO">
		SELECT A.APPLY_NO            ,     /* 신청번호          */
		       A.APPLY_DT            ,     /* 신청일자          */
		       A.APPLY_EMP_NO        ,     /* 신청자사번        */
		       B.EMP_NM APPLY_EMP_NM ,     /* 신청자이름        */
		       D.CELL_PHN_NO AS APPLY_CELL_PHN_NO ,     /* 신청자연락처      */
		       A.CHIEF_EMP_NO        ,     /* 사용자사번        */
		       C.EMP_NM CHIEF_EMP_NM ,     /* 사용자이름        */
		       A.CHIEF_PAR_CD        ,     /* 사용자기관코드    */
		       ( SELECT Z.ORG_NM FROM EAI.IV_HT_OM_ORG_KTG_INT Z WHERE Z.ORG_CD = A.CHIEF_PAR_CD) AS CHIEF_PAR_NM,
		       A.CHIEF_DEPT_CD       ,     /* 사용자부서코드    */
		       ( SELECT Z.ORG_NM FROM EAI.IV_HT_OM_ORG_KTG_INT Z WHERE Z.ORG_CD = A.CHIEF_DEPT_CD) AS CHIEF_DEPT_NM,
		       A.CHIEF_JOB_NM        ,     /* 사용자직무명      */
		       A.CHIEF_CELL_PN       ,     /* 사용자휴대전화번호*/
		       A.USE_PURPOSE         ,     /* 사용목적          */
		       A.DESTINATION         ,     /* 행선지            */
		       A.DEPATURE_DT         ,     /* 출발일            */
		       A.DEPATURE_TM         ,     /* 출발시간          */
		       A.ARRIVAL_DT          ,     /* 도착일            */
		       A.ARRIVAL_TM          ,     /* 도착시간          */
		       A.BOARD_NO            ,     /* 탑승인원          */
		       (
		        SELECT F.FILE_NM      AS FILE_TITLE
		          FROM WBNG.WT_VH_FILE F
		         WHERE F.ATTACH_NO  = A.APPLY_NO
		       ) AS FILE_TITLE       ,     /* 첨부파일명        */
		       A.VHCL_DEPT_CD,             /* 배차부서          */
		       A.RECEIPT_RESULT,
		       A.VH_ETC,
		       A.VH_TYPE,
		       A.PASSSTOP,
		       A.DEPARTURE
		  FROM WBNG.WT_VH_APPLY A,  /* 배차신청 */
		       EAI.IV_HT_PHM_MASTER_KTG_INT B,
		       EAI.IV_HT_PHM_MASTER_KTG_INT C,
		       EAI.IV_HHNTC01T_KTG_INT D,
		       WBNG.WT_VH_ASSIGN E
		 WHERE A.APPLY_EMP_NO = B.EMP_NO (+)
		   AND A.CHIEF_EMP_NO = C.EMP_NO (+)
		   AND A.APPLY_EMP_NO = D.ID     (+)
		   AND A.APPLY_NO     = #{applyNo}
		   AND A.APPLY_NO     = E.APPLY_NO (+)
		   AND E.APPLY_NO IS NULL               /* 미배차만 나오게함*/
	</select>

	<!-- 배차신청건 ID 생성 및 추가 -->
	<insert id="insertOne">
		<selectKey keyProperty="vhb0020.applyNo" order="BEFORE" resultType="java.lang.String">
			SELECT NVL(TO_CHAR(MAX(APPLY_NO)+1),TO_CHAR(SYSDATE,'YYYYMM') || '0001')  NO
			  FROM WBNG.WT_VH_APPLY
			 WHERE APPLY_DT LIKE TO_CHAR(SYSDATE,'YYYYMM') || '%'  
		</selectKey>
		
		INSERT INTO WBNG.WT_VH_APPLY (
		   APPLY_NO ,VHCL_DEPT_CD, APPLY_DT, APPLY_EMP_NO ,VH_TYPE ,DEPATURE_DT ,DEPATURE_TM ,ARRIVAL_DT ,ARRIVAL_TM ,USE_PURPOSE 
		  ,BOARD_NO ,CHIEF_EMP_NO ,CHIEF_PAR_CD ,CHIEF_DEPT_CD ,CHIEF_JOB_NM ,CHIEF_CELL_PN ,DEPARTURE ,PASSSTOP, DESTINATION ,VH_ETC 
		  ,RECEIPT_RESULT ,ALT_EMP_NO ,ALT_DATE
		 ) VALUES (
			  #{vhb0020.applyNo}
			, #{vhb0020.vhclDeptCd}
			, TO_CHAR(SYSDATE,'YYYYMMDD')
			, #{vhb0020.applyEmpNo}
			, #{vhb0020.vhType}
			, #{vhb0020.depatureDt}
			, #{vhb0020.depatureTm}
			, #{vhb0020.arrivalDt}
			, #{vhb0020.arrivalTm}
			, #{vhb0020.usePurpose}
			, #{vhb0020.boardNo}
			, #{vhb0020.chiefEmpNo}
			, #{vhb0020.chiefParCd}
			, #{vhb0020.chiefDeptCd}
			, #{vhb0020.chiefJobNm}
			, #{vhb0020.chiefCellPn}
			, #{vhb0020.departure}
			, #{vhb0020.passstop}
			, #{vhb0020.destination}
			, #{vhb0020.vhEtc}
			, 'Y'
			, #{regEmpNo}
			, SYSDATE
		 )
	</insert>

	<!-- 배차신청건 수정 -->
	<update id="updateOne">
		UPDATE  WBNG.WT_VH_APPLY
		   SET  VHCL_DEPT_CD  = #{vhb0020.vhclDeptCd}
		      , APPLY_EMP_NO  = #{vhb0020.applyEmpNo}
		      , VH_TYPE       = #{vhb0020.vhType}
		      , DEPATURE_DT   = #{vhb0020.depatureDt}
		      , DEPATURE_TM   = #{vhb0020.depatureTm}
		      , ARRIVAL_DT    = #{vhb0020.arrivalDt}
		      , ARRIVAL_TM    = #{vhb0020.arrivalTm}
		      , USE_PURPOSE   = #{vhb0020.usePurpose}
		      , BOARD_NO      = #{vhb0020.boardNo}
		      , CHIEF_EMP_NO  = #{vhb0020.chiefEmpNo}
		      , CHIEF_PAR_CD  = #{vhb0020.chiefParCd}
		      , CHIEF_DEPT_CD = #{vhb0020.chiefDeptCd}
		      , CHIEF_JOB_NM  = #{vhb0020.chiefJobNm}
		      , CHIEF_CELL_PN = #{vhb0020.chiefCellPn}
		      , DEPARTURE     = #{vhb0020.departure}
		      , PASSSTOP      = #{vhb0020.passstop}
		      , DESTINATION   = #{vhb0020.destination}
		      , VH_ETC        = #{vhb0020.vhEtc}
		      , ALT_EMP_NO    = #{altEmpNo} /* 로그인 사번 */
		      , ALT_DATE      = SYSDATE
		  WHERE APPLY_NO      = #{vhb0020.applyNo}
	</update>

	<!-- 배차신청건 삭제 -->
	<delete id="deleteOne">
		DELETE FROM WBNG.WT_VH_APPLY
		 WHERE APPLY_NO = #{applyNo}
	</delete>

	<!-- 입력/수정 후 발송할 SMS 내용 생성 및 조회 -->
	<select id="selectSmsContent" resultType="com.ktng.ws2020.domain.vhc.model.VHC0040SMSDTO">
		SELECT REPLACE(REPLACE(VHCL_EMP_PN, '-', ''),' ','')  AS SMS_RECV_NO,    /* 받는사람 */
		       TO_CHAR(TO_DATE(#{departureDt},'YYYYMMDD'),'YYYY.MM.DD') || ' 출발일자 배차가 접수되었습니다.' AS SMS_MESSAGE ,
		       REPLACE(REPLACE(VHCL_DEPT_PN,'-', ''),' ','')  AS SMS_SEND_NO     /* 보내는사람 */
		  FROM WBNG.WT_VH_DEPT
		 WHERE VHCL_DEPT_CD = #{vhclDeptCd}
	</select>

</mapper>
