<?xml version="1.0" encoding="UTF-8" ?>
<!DOCTYPE mapper
        PUBLIC "-//mybatis.org//DTD Mapper 3.0//EN"
        "http://mybatis.org/dtd/mybatis-3-mapper.dtd">
<mapper namespace="com.ktng.ws2020.domain.common.dao.VhCommonMapper">

	<!-- 3. 사원 조회 -->
	<select id="selectEmpList" resultType="com.ktng.ws2020.domain.common.model.VhCommonEmpDTO">
		SELECT A.EMP_NO                                      AS EMP_NO,          /* 사번 */
		       A.EMP_NM                                      AS EMP_NM,          /* 성명 */
		       A.PAR_CD                                                                     AS PAR_CD,  /* 기관코드     */
		       (SELECT Z.ORG_NM FROM EAI.IV_HT_OM_ORG_KTG_INT Z WHERE Z.ORG_CD = A.PAR_CD)  AS PAR_NM,  /* 기관명       */
		       A.PART_CD                                                                    AS PART_CD, /* 근무부서코드 */
		       (SELECT Z.ORG_NM FROM EAI.IV_HT_OM_ORG_KTG_INT Z WHERE Z.ORG_CD = A.PART_CD) AS PART_NM, /* 근무부서명   */       
		       B.POS_GRD_NAME                                AS POS_GRD_NM,      /* 직급            */
		       B.DUTY_NAME                                   AS JOB_NM,          /* 직무            */
		       B.PAR_NAME||' '||B.DEP_NAME                   AS PAR_DEP_NM,      /* 소속(기관명+관리부서명) */
		       A.FIRST_HIRE_YMD                              AS FIRST_HIRE_YMD,  /* 입사일자        */
		       DECODE(A.IN_OFFI_YN,'Y','재직','N','퇴직','') AS IN_OFFI_YN_NM ,  /* 재직여부명      */
		       DECODE(A.EMP_CD, '1000', '정규', '기간제')    AS EMP_GUBUN     ,  /* 정규직(01) 혹은 기간제(02) */
		       B.CELL_PHN_NO
		  FROM EAI.IV_HT_PHM_MASTER_KTG_INT A, 
		       EAI.IV_HHNTC01T_KTG_INT B    
		 WHERE A.EMP_NO = B.ID
		   AND A.EMP_NO LIKE #{empNo}||'%'
		   AND A.EMP_NM LIKE #{empNm}||'%'
		   AND A.IN_OFFI_YN = 'Y'
	</select>

	<!-- 4. 부서 조회 -->
	<select id="selectDeptList" resultType="com.ktng.ws2020.domain.common.model.VhCommonDeptDTO">
		SELECT ORG_CD,                 /* 조직코드     */
		       ORG_NM,                 /* 조직명       */
		       FULL_NM AS ORG_FULL_NM, /* 조직명(FULL) */
		       PAR_CD,                 /* 기관코드     */
		       (SELECT Z.ORG_NM FROM EAI.IV_HT_OM_ORG_KTG_INT Z WHERE Z.C_CD = '1101' AND Z.ORG_CD = M.PAR_CD ) AS PAR_NM  /* 기관명       */
		  FROM EAI.IV_HT_OM_ORG_KTG_INT M
		 WHERE #{symd} BETWEEN S_YMD AND NVL(E_YMD, '29991231')
		   AND C_CD = '1101'
		   AND ORG_CD  LIKE       #{orgCd}      || '%' 
		   AND FULL_NM LIKE '%'|| #{orgFullNm} || '%'
		   AND PAR_CD  LIKE       #{parCd}      || '%'
		 ORDER BY SQ 
	</select>

	<!-- 5. 차량 조회 -->
	<select id="selectVehicleList" resultType="com.ktng.ws2020.domain.common.model.VhCommonVehicleDTO">
		SELECT VHCL_NO,
		       VHCL_NM,
		       VH_TYPE
		  FROM WBNG.WT_VH_VEHICLE
		 WHERE VHCL_DEPT_CD LIKE #{vhclDeptCd} || '%'
		   AND VHCL_NO      LIKE #{vhclNo}     || '%'
		   AND VHCL_NM      LIKE #{vhclNm}     || '%'
		 ORDER BY VHCL_NO
	</select>

	<!-- 6. 운전원 조회 -->
	<select id="selectDriverList" resultType="com.ktng.ws2020.domain.common.model.VhCommonDriverDTO">
		SELECT DRIVER_NO,
		       DRIVER_NM,
		       CELL_PN
		  FROM WBNG.WT_VH_DRIVER
		 WHERE VHCL_DEPT_CD LIKE #{vhclDeptCd} || '%'
		   AND DRIVER_NO    LIKE #{driverNo}   || '%'
		   AND DRIVER_NM    LIKE #{driverNm}   || '%'
		   AND USE_YN       LIKE #{useYn}      || '%'
	</select>

	<!-- 7, 8. 배차부서 조회 -->
	<select id="selectVhDeptList" resultType="com.ktng.ws2020.domain.common.model.VhCommonVhDeptDTO">
		SELECT VHCL_DEPT_CD ,
		       VHCL_DEPT_NM 
		  FROM WBNG.WT_VH_DEPT
		 WHERE USE_YN = 'Y'
		   AND AUTH_GUBUN IN (
		<foreach collection="authGubuns" item="authGubun" separator=",">
		   	#{authGubun}
		</foreach>
			)
		   AND VHCL_DEPT_CD LIKE #{vhclDeptCd} || '%'
		   AND VHCL_DEPT_NM LIKE #{vhclDeptNm} || '%'
		 ORDER BY VHCL_DEPT_CD
	</select>

	<!-- 9. 첨부파일 조회 -->
	<select id="selectFileList" resultType="com.ktng.ws2020.domain.common.model.VhCommonFileDTO">
		SELECT ATTACH_NO    AS APPLY_NO,
		       FILE_NM      AS FILE_TITLE,
		       FILE_PATH    AS FILE_PATH,
		       SAVE_FILE_NM AS FILE_NAME
		  FROM WBNG.WT_VH_FILE
		 WHERE ATTACH_NO = #{applyNo}
	</select>

</mapper>