<?xml version="1.0" encoding="UTF-8" ?>
<!DOCTYPE mapper
        PUBLIC "-//mybatis.org//DTD Mapper 3.0//EN"
        "http://mybatis.org/dtd/mybatis-3-mapper.dtd">
<mapper namespace="com.ktng.ws2020.domain.vhd.dao.VHD0060Mapper">

	<select id="selectRunHistoryListForWork" resultType="com.ktng.ws2020.domain.vhd.model.VHD0060DTO">
		SELECT VHCL_NO             ,     /* 차량번호                        */
		       VHCL_NM             ,     /* 차종                            */
		       VH_TYPE             ,     /* 차량용도                        */
		       (SELECT COMM_CODE_NAME FROM WT_CM_CODE WHERE COMM_CODE_CHK = 'VH_TYPE' AND COMM_CODE = A.VH_TYPE) AS VH_TYPE_NM,
		       (SELECT VHCL_DEPT_NM FROM WBNG.WT_VH_DEPT WHERE VHCL_DEPT_CD = A.VHCL_DEPT_CD) AS VHCL_DEPT_NM,     /* 배차부서                        */
		       RECORD_DT           ,     /* 등록일                          */
		       EXPIRE_DT           ,     /* 종료일                          */
		       VH_NOTE             ,     /* 운행종료사유                    */
		       ALT_EMP_NO          ,
		       ALT_DATE
		  FROM WBNG.WT_VH_VEHICLE A  /* 차량정보 */
		 WHERE VHCL_NO IN (
		                SELECT VHCL_NO
		                  FROM WBNG.WT_VH_RUNLOG_DTL
		                 WHERE 1=1
			<if test="vhclNo != null and vhclNo != '' ">
		                 AND VHCL_NO = #{vhclNo}
			</if>
			<if test="fromYmd != null and fromYmd != '' and toYmd != null and toYmd != '' ">
		                 AND RUN_DT BETWEEN #{fromYmd} AND #{toYmd}
			</if>
		                )
		 ORDER BY VHCL_DEPT_CD, VHCL_NO
 	</select>
 	
	<select id="selectRunHistoryListForWorkDtl" resultType="com.ktng.ws2020.domain.vhd.model.VHD0060DTO">
		SELECT DECODE(G_ID, 1,'합계', RUN_DT) AS RUN_DT
		     , DECODE(G_ID, 0, USER_EMP_NO, '합계') AS USER_EMP_NO
		     , DECODE(G_ID, 0, USER_EMP_NM) AS USER_EMP_NM
		     , DECODE(G_ID, 0, USER_PART_NM) AS USER_PART_NM
		     , DECODE(G_ID, 0, USER_POS_GRD_NM) AS USER_POS_GRD_NM
		     , DECODE(G_ID, 0, VHCL_NO) AS VHCL_NO
		     , DECODE(G_ID, 0, BEFORE_RUN_KM) AS BEFORE_RUN_KM
		     , DECODE(G_ID, 0, AFTER_RUN_KM) AS AFTER_RUN_KM
		     , RUN_KM
		     , RUN_KIND_KM1
		     , RUN_KIND_KM2
		     , RUN_KIND_KM3
		     , DECODE(G_ID, 0,REASON, DECODE(RUN_KM, 0,'', '업무사용비율 : '|| ROUND((RUN_KIND_KM1 + RUN_KIND_KM2) / RUN_KM * 100,2) ||'%')) AS REASON
		FROM (
		    SELECT GROUPING(RUN_DT) AS G_ID
		         , GROUPING(USER_EMP_NO) AS G_ID2
		         , RUN_DT
		         , MAX(USER_EMP_NO) AS USER_EMP_NO
		         , MAX(USER_EMP_NM) AS USER_EMP_NM
		         , MAX(USER_PART_NM) AS USER_PART_NM
		         , MAX(USER_POS_GRD_NM) AS USER_POS_GRD_NM
		         , MIN(VHCL_NO) AS VHCL_NO
		         , MIN(BEFORE_RUN_KM) AS BEFORE_RUN_KM
		         , MAX(AFTER_RUN_KM) AS AFTER_RUN_KM
		         , NVL(SUM(RUN_KM),0) AS RUN_KM
		         , NVL(SUM(RUN_KIND_KM1),0) AS RUN_KIND_KM1
		         , NVL(SUM(RUN_KIND_KM2),0) AS RUN_KIND_KM2
		         , NVL(SUM(RUN_KIND_KM3),0) AS RUN_KIND_KM3
		         , MIN(REASON) AS REASON
		    FROM (
		        SELECT B.RUN_DT
		             , B.USER_EMP_NO 
		             , B.USER_EMP_NM 
		             , B.USER_PART_NM
		             , ( SELECT D.POS_GRD_NAME FROM EAI.IV_HHNTC01T_KTG_INT D WHERE D.ID = B.USER_EMP_NO) AS USER_POS_GRD_NM
		             , A.VHCL_NO
		             , B.BEFORE_RUN_KM
		             , B.AFTER_RUN_KM
		             , B.RUN_KM
		             , B.RUN_KIND
		             , B.RUN_KIND_KM1
		             , B.RUN_KIND_KM2
		             , B.RUN_KIND_KM3
		             , (SELECT REPLACE(SUBSTR(XMLAGG(XMLELEMENT("NM", '^', REASON) ORDER BY ROWNUM).EXTRACT('//text()').GETSTRINGVAL(),2),'^',chr(13)||chr(10)) AS REASON
		                  FROM WBNG.WT_VH_RUNLOG_DTL
		                 WHERE VHCL_NO = B.VHCL_NO
		                   AND RUN_DT = B.RUN_DT
		                   AND USER_EMP_NO = B.USER_EMP_NO
		                   AND RUN_DT BETWEEN #{fromYmd} AND #{toYmd}
		                   AND REASON IS NOT NULL
		               ) AS REASON
		          FROM WBNG.WT_VH_RUNLOG_MST A, WBNG.WT_VH_RUNLOG_DTL B
		         WHERE A.EMP_NO = B.EMP_NO
		           AND A.RUN_DT = B.RUN_DT
		           AND B.VHCL_NO = #{vhclNo}
		           AND B.RUN_DT BETWEEN  #{fromYmd} AND #{toYmd}
		         )
		     GROUP BY ROLLUP (RUN_DT, USER_EMP_NO)
		  )
		 WHERE G_ID = G_ID2
		ORDER BY RUN_DT, BEFORE_RUN_KM
 	</select>
 	
</mapper>