<?xml version="1.0" encoding="UTF-8" ?>
<!DOCTYPE mapper
        PUBLIC "-//mybatis.org//DTD Mapper 3.0//EN"
        "http://mybatis.org/dtd/mybatis-3-mapper.dtd">
<mapper namespace="com.ktng.ws2020.domain.vhd.dao.VHD0070Mapper">

	<select id="selectRunHistoryListForSale" resultType="com.ktng.ws2020.domain.vhd.model.VHD0070DTO">
		SELECT A.VHCL_NO           ,     /* 차량번호 */
		       A.VHCL_NM           ,     /* 차종     */
		       A.VH_TYPE           ,     /* 차량용도 */
		       DECODE(A.VH_TYPE,'A','업무용(승용)','B','업무용(승합)','C','업무용(버스)','D','임원용',A.VH_TYPE) AS VH_TYPE_NM,
		       A.VHCL_DEPT_CD      ,     /* 배차부서 */
		       (SELECT Z.VHCL_DEPT_NM FROM WBNG.WT_VH_DEPT Z WHERE Z.VHCL_DEPT_CD = A.VHCL_DEPT_CD) AS VHCL_DEPT_NM,
		       A.RECORD_DT         ,     /* 등록일   */
		       A.EXPIRE_DT         ,     /* 종료일   */
		       A.VH_NOTE           ,
		       A.ALT_EMP_NO        ,     /* 변경자   */
		       A.ALT_DATE                /* 변경일시 */	
		  FROM WBNG.WT_VH_VEHICLE A     /* 차량정보 */
		 WHERE A.VHCL_DEPT_CD = #{vhclDeptCd}
		 ORDER BY A.VHCL_DEPT_CD ASC, A.VHCL_NO ASC
 	</select>
 	
	<select id="selectRunHistoryListForSaleDtl" resultType="com.ktng.ws2020.domain.vhd.model.VHD0070DTO">
		SELECT RUN_DT,
		       VHCL_NO,
		       RUN_SEQ,
		       USER_EMP_NO,
		       USER_EMP_NM, 
		       USER_PART_NM, 
		       USER_POS_GRD_NM, 
		       BEFORE_RUN_KM,
		       AFTER_RUN_KM, 
		       AFTER_RUN_KM - BEFORE_RUN_KM AS RUN_KM,
		       RUN_KIND_KM1,
		       RUN_KIND_KM2,
		       RUN_KIND_KM3,
		       BEGO
		  FROM WBNG.WT_VH_RUNLOG_SALE 
		 WHERE RUN_DT LIKE #{yyyyMm} || '%'
		   AND VHCL_NO = #{vhclNo}
		ORDER BY RUN_DT ASC, BEFORE_RUN_KM ASC
 	</select>
 	
	<insert id="insertGrid">
		INSERT INTO WBNG.WT_VH_RUNLOG_SALE (
			RUN_DT, VHCL_NO,
			RUN_SEQ, USER_EMP_NO,
			USER_EMP_NM, USER_PART_NM,
			USER_POS_GRD_NM, BEFORE_RUN_KM,
			AFTER_RUN_KM, RUN_KIND_KM1,
			RUN_KIND_KM2, RUN_KIND_KM3, 
			BEGO, ALT_DATE,
			ALT_EMP_NO
		 ) VALUES (
			#{vhd0070.runDt}, #{vhd0070.vhclNo},
			(SELECT NVL(MAX(D.RUN_SEQ),0)+1 FROM WBNG.WT_VH_RUNLOG_SALE D WHERE D.RUN_DT = #{vhd0070.runDt} AND D.VHCL_NO = #{vhd0070.vhclNo}), #{vhd0070.userEmpNo},
			#{vhd0070.userEmpNm}, #{vhd0070.userPartNm},
			#{vhd0070.userPosGrdNm}, #{vhd0070.beforeRunKm},
			#{vhd0070.afterRunKm}, #{vhd0070.runKindKm1},
			#{vhd0070.runKindKm2}, #{vhd0070.runKindKm3},
			#{vhd0070.bego}, SYSDATE,
			#{altEmpNo}
		 )
	</insert>

	<update id="updateGrid">
		UPDATE WBNG.WT_VH_RUNLOG_SALE
		   SET USER_EMP_NO = #{vhd0070.userEmpNo},
		      USER_EMP_NM = #{vhd0070.userEmpNm},
		      USER_PART_NM = #{vhd0070.userPartNm},
		      USER_POS_GRD_NM = #{vhd0070.userPosGrdNm},
		      BEFORE_RUN_KM = #{vhd0070.beforeRunKm},
		      AFTER_RUN_KM = #{vhd0070.afterRunKm},
		      RUN_KIND_KM1 = #{vhd0070.runKindKm1},
		      RUN_KIND_KM2 = #{vhd0070.runKindKm2},
		      RUN_KIND_KM3 = #{vhd0070.runKindKm3},
		      BEGO = #{vhd0070.bego},
		      ALT_DATE = SYSDATE,
		      ALT_EMP_NO = #{altEmpNo}
		 WHERE RUN_DT  = #{vhd0070.runDt}
		   AND VHCL_NO = #{vhd0070.vhclNo}
		   AND RUN_SEQ = #{vhd0070.runSeq}
	</update>

	<delete id="deleteGrid">
		DELETE FROM WBNG.WT_VH_RUNLOG_SALE
		WHERE RUN_DT = #{vhd0070.runDt}
		AND VHCL_NO = #{vhd0070.vhclNo}
		AND RUN_SEQ = #{vhd0070.runSeq}
	</delete>

	<!-- id로 조회 -->
	<select id="selectById" resultType="com.ktng.ws2020.domain.vhd.model.VHD0070DTO">
		SELECT RUN_DT,
		       VHCL_NO,
		       RUN_SEQ,
		       USER_EMP_NO,
		       USER_EMP_NM,
		       USER_PART_NM,
		       USER_POS_GRD_NM,
		       BEFORE_RUN_KM,
		       AFTER_RUN_KM,
		       AFTER_RUN_KM - BEFORE_RUN_KM AS RUN_KM,
		       RUN_KIND_KM1,
		       RUN_KIND_KM2,
		       RUN_KIND_KM3,
		       BEGO
		  FROM WBNG.WT_VH_RUNLOG_SALE
		 WHERE RUN_DT = #{runDt}
		   AND VHCL_NO = #{vhclNo}
		   AND RUN_SEQ = #{runSeq}
	</select>
 	
</mapper>