<?xml version="1.0" encoding="UTF-8" ?>
<!DOCTYPE mapper
        PUBLIC "-//mybatis.org//DTD Mapper 3.0//EN"
        "http://mybatis.org/dtd/mybatis-3-mapper.dtd">
<mapper namespace="com.ktng.ws2020.domain.vhc.dao.VHC0030Mapper">
	<!-- 배차부서관리_V1.0.sql -->

	<!-- 1. grid CRUD -->
	<select id="selectApprovalList" resultType="com.ktng.ws2020.domain.vhc.model.VHC0030DTO">
		SELECT '' CK_BOX,
		       DECODE(A.APPROVE_TY,'N','미상신','R','결재전','Y','승인','X','반려','C','취소') APPROVE_TY_NM ,/* N(배차중)R(상신)Y(승인)X(반려) */
		       A.ASSIGN_DT           ,     /* 배차일자                       */
		       A.DEPATURE_DT         ,     /* 출발일                         */
		       A.DEPATURE_TM         ,     /* 출발시간                       */
		       A.ARRIVAL_DT          ,     /* 도착일                         */
		       A.ARRIVAL_TM          ,     /* 도착시간                       */
		       A.DESTINATION         ,     /* 행선지                         */
		       A.VHCL_NO             ,     /* 차량번호                       */
		       B.VHCL_NM             ,     /* 차종                           */
		       C.DRIVER_NM           ,     /* 성명(운전자)                   */
		       D.EMP_NM  CHIEF_EMP_NM,     /* 사용자                         */
		       A.USE_PURPOSE         ,     /* 사용목적                       */
		       E.EMP_NM  VHCL_EMP_NM ,     /* 담당자                         */
		       A.REJECT_CAUSE        ,     /* 반려사유                       */
		       A.ASSIGN_NO           ,     /* 배차번호                       */
		       A.APPROVE_TY          ,     /* N(배차중)R(상신)Y(승인)X(반려) */
		       A.APPROVER_EMP_NO          ,     /* 결재자사번                     */
		       A.REJECT_CAUSE   REJECT_CHK     /* 반려사유                   */
		  FROM WBNG.WT_VH_ASSIGN A,    /* 배차내역 */
		       WBNG.WT_VH_VEHICLE B,   /* 차량정보 */
		       WBNG.WT_VH_DRIVER C,    /* 운전원정보 */
		       EAI.IV_HT_PHM_MASTER_KTG_INT D,   /* 사용자 이름 가져오는 마스터*/
		       EAI.IV_HT_PHM_MASTER_KTG_INT E    /* 담당자 이름 가져오는 마스터*/
		 WHERE A.DRIVER_NO         = C.DRIVER_NO(+)
		   AND A.VHCL_NO           = B.VHCL_NO
		   AND A.CHIEF_EMP_NO      = D.EMP_NO
		   AND A.VHCL_EMP_NO       = E.EMP_NO
		   <if test ="vhclDeptCd != null and vhclDeptCd != '' and vhclDeptCd != 'ALL'">
		  	AND A.VHCL_DEPT_CD      = #{vhclDeptCd}
		   </if>
		   <if test ="fromYmd != null and fromYmd != '' and toYmd != null and toYmd != ''">
		   	AND A.DEPATURE_DT BETWEEN #{fromYmd} AND #{toYmd}
		   </if>
		   <if test ="approveTy != null and approveTy != '' and approveTy != 'ALL'">
		   	AND A.APPROVE_TY        = #{approveTy}
		   </if>
		ORDER BY A.APPROVE_TY, A.DEPATURE_DT, A.DEPATURE_TM, A.ARRIVAL_DT, A.ARRIVAL_TM, A.ASSIGN_NO
	</select>
	
	<update id="approvalApproveTy">
		UPDATE WBNG.WT_VH_ASSIGN
		   SET APPROVE_TY = 'R'
		      ,REJECT_CAUSE = NULL
		      ,ALT_DATE   = SYSDATE
		      ,ALT_EMP_NO = #{altEmpNo}      
		 WHERE ASSIGN_NO = #{selectedRow.assignNo}
	</update>
	
	<update id="cancleApproveTy">
		UPDATE WBNG.WT_VH_ASSIGN
		   SET APPROVE_TY = 'N'
		      ,REJECT_CAUSE = NULL
		      ,ALT_DATE   = SYSDATE
		      ,ALT_EMP_NO = #{altEmpNo}        
		 WHERE ASSIGN_NO = #{selectedRow.assignNo}
	</update>



</mapper>
