<?xml version="1.0" encoding="UTF-8" ?>
<!DOCTYPE mapper
        PUBLIC "-//mybatis.org//DTD Mapper 3.0//EN"
        "http://mybatis.org/dtd/mybatis-3-mapper.dtd">
<mapper namespace="com.ktng.ws2020.domain.vhc.dao.VHC0040SMSMapper">
	<!-- 배차부서관리_V1.0.sql -->

	<!-- 승인 -> 사용자에게 SMS 전송 -->
	<select id="userSmsAprvl" resultType="com.ktng.ws2020.domain.vhc.model.VHC0040SMSDTO">
		SELECT A.CHIEF_CELL_PN AS SMS_RECV_NO,   
		       TO_CHAR(TO_DATE(A.DEPATURE_DT,'YYYYMMDD'),'MM.DD')
		       || '(' || DECODE(TO_CHAR(TO_DATE(A.DEPATURE_DT,'YYYYMMDD'),'D'),'1','일','2','월','3','화','4','수','5','목','6','금','토') || ')'
		       || '' || SUBSTR(A.DEPATURE_TM,1,2) || ':' || SUBSTR(A.DEPATURE_TM,3,2)
		       || '차량:' || A.VHCL_NO
		       || DECODE(A.DRIVER_NO, NULL, ' ', ' ' || B.DRIVER_NM || '(' || B.CELL_PN || ') 기사로 ') || '배차됐습니다.' AS SMS_MESSAGE,
		       D.VHCL_DEPT_PN  AS SMS_SEND_NO 
		  FROM WBNG.WT_VH_ASSIGN A,    /* 배차내역 */
		       WBNG.WT_VH_DRIVER B,    /* 운전원정보 */
		       EAI.IV_HT_PHM_MASTER_KTG_INT C,   /* 사용자 이름 가져오는 마스터 */
		       WBNG.WT_VH_DEPT D       /* 배차부서 */
		 WHERE A.DRIVER_NO    = B.DRIVER_NO(+)
		   AND A.CHIEF_EMP_NO = C.EMP_NO
		   AND A.VHCL_DEPT_CD = D.VHCL_DEPT_CD
		   <if test ="assignNo != null and assignNo != ''">
		   	AND A.ASSIGN_NO    = #{assignNo}
		   </if>
	</select>
	
	<!-- 승인 -> 운전원에게 SMS 전송 -->
	<select id="driverSmsAprvl" resultType="com.ktng.ws2020.domain.vhc.model.VHC0040SMSDTO">
		 SELECT B.CELL_PN AS SMS_RECV_NO,     /* 운전자휴대전화번호 */
		        TO_CHAR(TO_DATE(A.DEPATURE_DT,'YYYYMMDD'),'MM.DD')
		        || '(' || DECODE(TO_CHAR(TO_DATE(A.DEPATURE_DT,'YYYYMMDD'),'D'),'1','일','2','월','3','화','4','수','5','목','6','금','토') || ')'
		        || '' || SUBSTR(A.DEPATURE_TM,1,2) || ':' || SUBSTR(A.DEPATURE_TM,3,2) || '~' || TO_CHAR(TO_DATE(A.ARRIVAL_DT,'YYYYMMDD'),'MM.DD')
		        || '(' || DECODE(TO_CHAR(TO_DATE(A.ARRIVAL_DT,'YYYYMMDD'),'D'),'1','일','2','월','3','화','4','수','5','목','6','금','토') || ')' || SUBSTR(A.ARRIVAL_TM,1,2) || ':' || SUBSTR(A.ARRIVAL_TM,3,2)
		        || ' ' || A.DESTINATION
		        || ' 신청자:' || C.EMP_NM || '[' || GRD.POS_GRD_NAME || REPLACE(E.CELL_PHN_NO, '-', '') || ', '|| A.VHCL_NO || ']' AS SMS_MESSAGE,
		        D.VHCL_DEPT_PN AS SMS_SEND_NO
		   FROM WBNG.WT_VH_ASSIGN  A,    /* 배차내역 */
		        WBNG.WT_VH_DRIVER  B,    /* 운전원정보 */
		        EAI.IV_HT_PHM_MASTER_KTG_INT C,   /* 사용자 이름 가져오는 마스터*/
		        WBNG.WT_VH_DEPT D,       /* 배차부서 */
		        EAI.IV_HHNTC01T_KTG_INT E,
		        EAI.IV_HHNTC01T_KTG_INT GRD
		    WHERE A.DRIVER_NO    = B.DRIVER_NO
		    AND A.APPLY_EMP_NO = C.EMP_NO
		    AND C.EMP_NO = E.ID
		    AND C.EMP_NO = GRD.ID
		    AND A.VHCL_DEPT_CD = D.VHCL_DEPT_CD
		   <if test ="assignNo != null and assignNo != ''">
		   	AND A.ASSIGN_NO    = #{assignNo}
		   </if>
	</select>
	
	<!-- 승인 -> 신청자에게 SMS 전송 -->
	<select id="applicantSmsAprvl" resultType="com.ktng.ws2020.domain.vhc.model.VHC0040SMSDTO">
		 SELECT E.CELL_PHN_NO AS SMS_RECV_NO,     /* 신청자휴대전화번호 */
		        TO_CHAR(TO_DATE(A.DEPATURE_DT,'YYYYMMDD'),'MM.DD')
		        || '(' || DECODE(TO_CHAR(TO_DATE(A.DEPATURE_DT,'YYYYMMDD'),'D'),'1','일','2','월','3','화','4','수','5','목','6','금','토') || ')'
		        || '' || SUBSTR(A.DEPATURE_TM,1,2) || ':' || SUBSTR(A.DEPATURE_TM,3,2) || '~' || TO_CHAR(TO_DATE(A.ARRIVAL_DT,'YYYYMMDD'),'MM.DD')
		        || '(' || DECODE(TO_CHAR(TO_DATE(A.ARRIVAL_DT,'YYYYMMDD'),'D'),'1','일','2','월','3','화','4','수','5','목','6','금','토') || ')' || SUBSTR(A.ARRIVAL_TM,1,2) || ':' || SUBSTR(A.ARRIVAL_TM,3,2)
		        || '차:' || A.VHCL_NO
		        || '기사:' || DECODE(A.DRIVER_NO, NULL, ' ', ' ' || B.DRIVER_NM || '(' || REPLACE(B.CELL_PN, '-', '') || ')')
		        || ' 목적지:' || A.DESTINATION AS SMS_MESSAGE,
		        D.VHCL_DEPT_PN AS SMS_SEND_NO
		   FROM WBNG.WT_VH_ASSIGN  A,    /* 배차내역 */
		        WBNG.WT_VH_DRIVER  B,    /* 운전원정보 */
		        EAI.IV_HT_PHM_MASTER_KTG_INT C,   /* 사용자 이름 가져오는 마스터*/
		        WBNG.WT_VH_DEPT D,       /* 배차부서 */
		        EAI.IV_HHNTC01T_KTG_INT E,
		        EAI.IV_HT_PHM_MASTER_KTG_INT F,
		        EAI.IV_HHNTC01T_KTG_INT G
		  WHERE A.DRIVER_NO    = B.DRIVER_NO
		    AND A.APPLY_EMP_NO = C.EMP_NO
		    AND C.EMP_NO = E.ID
		    AND A.VHCL_DEPT_CD = D.VHCL_DEPT_CD
		    AND A.CHIEF_EMP_NO = F.EMP_NO
		    AND F.EMP_NO = G.ID
		   <if test ="assignNo != null and assignNo != ''">
		   	AND A.ASSIGN_NO    = #{assignNo}
		   </if>
	</select>
	
		<!-- 취소 -> 사용자에게 SMS 전송 -->
	<select id="userSmsCncl" resultType="com.ktng.ws2020.domain.vhc.model.VHC0040SMSDTO">
		SELECT A.CHIEF_CELL_PN AS SMS_RECV_NO,     
		       TO_CHAR(TO_DATE(A.DEPATURE_DT,'YYYYMMDD'),'MM.DD')
		       || '(' || DECODE(TO_CHAR(TO_DATE(A.DEPATURE_DT,'YYYYMMDD'),'D'),'1','일','2','월','3','화','4','수','5','목','6','금','토') || ')'
		       || ' ' || SUBSTR(A.DEPATURE_TM,1,2) || ':' || SUBSTR(A.DEPATURE_TM,3,2)
		       || '  차량:' || A.VHCL_NO || ' 배차 취소됐습니다.' AS SMS_MESSAGE,
		       D.VHCL_DEPT_PN AS SMS_SEND_NO
		  FROM WBNG.WT_VH_ASSIGN A,    /* 배차내역 */
		       EAI.IV_HT_PHM_MASTER_KTG_INT C,   /* 사용자 이름 가져오는 마스터*/
		       WBNG.WT_VH_DEPT D       /* 배차부서 */
		 WHERE A.CHIEF_EMP_NO = C.EMP_NO
		   AND A.VHCL_DEPT_CD = D.VHCL_DEPT_CD
		   <if test ="assignNo != null and assignNo != ''">
		   	AND A.ASSIGN_NO    = #{assignNo}
		   </if>
	</select>
	
	<!-- 취소 -> 운전원에게 SMS 전송 -->
	<select id="driverSmsCncl" resultType="com.ktng.ws2020.domain.vhc.model.VHC0040SMSDTO">
		SELECT B.CELL_PN AS SMS_RECV_NO,     
		       TO_CHAR(TO_DATE(A.DEPATURE_DT,'YYYYMMDD'),'MM.DD')
		       || '(' || DECODE(TO_CHAR(TO_DATE(A.DEPATURE_DT,'YYYYMMDD'),'D'),'1','일','2','월','3','화','4','수','5','목','6','금','토') || ')'
		       || ' ' || SUBSTR(A.DEPATURE_TM,1,2) || ':' || SUBSTR(A.DEPATURE_TM,3,2)
		       || ' 차량:' || A.VHCL_NO
		       || ' 장소:' || A.DESTINATION
		       || ' 탑승:' || A.CHIEF_JOB_NM || ' 배차 취소됐습니다' AS SMS_MESSAGE,
		       D.VHCL_DEPT_PN AS SMS_SEND_NO
		  FROM WBNG.WT_VH_ASSIGN A,    /* 배차내역 */
		       WBNG.WT_VH_DRIVER B,    /* 운전원정보 */
		       EAI.IV_HT_PHM_MASTER_KTG_INT C,   /* 사용자 이름 가져오는 마스터*/
		       WBNG.WT_VH_DEPT D       /* 배차부서 */
		 WHERE A.DRIVER_NO    = B.DRIVER_NO
		   AND A.CHIEF_EMP_NO = C.EMP_NO
		   AND A.VHCL_DEPT_CD = D.VHCL_DEPT_CD
		   <if test ="assignNo != null and assignNo != ''">
		   	AND A.ASSIGN_NO    = #{assignNo}
		   </if>
	</select>
	
</mapper>
