<?xml version="1.0" encoding="UTF-8" ?>
<!DOCTYPE mapper
        PUBLIC "-//mybatis.org//DTD Mapper 3.0//EN"
        "http://mybatis.org/dtd/mybatis-3-mapper.dtd">
<mapper namespace="com.ktng.ws2020.domain.vha.dao.VHA0040SubMapper">
	<!-- 게시판관리_V1.0.sql -->

	<!-- 게시물 상세 조회 -->
	<select id="selectOne" resultType="com.ktng.ws2020.domain.vha.model.VHA0040SubDTO">
		SELECT BOARD_ID,
		       BOARD_TITLE,
		       BOARD_CONTENT,
		       TO_CHAR(REG_DATE,'YYYYMMDD') REG_DATE,
		       TO_CHAR(START_DATE,'YYYYMMDD') START_DATE, 
		       TO_CHAR(END_DATE,'YYYYMMDD') END_DATE,
		       VIEW_NUM,
		       REG_DEPT_CD,
		       REG_ID
		  FROM WBNG.WT_VH_BOARD
		 WHERE BOARD_ID = #{boardId}
	</select>

	<!-- 게시물 ID 생성 및 추가 -->
	<insert id="insertOne">
		<selectKey keyProperty="vha0040.boardId" order="BEFORE" resultType="java.lang.String">
			SELECT WBNG.WT_VH_BOARD_SEQ.NEXTVAL AS BOARD_ID FROM DUAL
		</selectKey>
		
		INSERT INTO WBNG.WT_VH_BOARD (
			BOARD_ID,
			BOARD_TITLE,
			BOARD_CONTENT,
 			VIEW_NUM,
			START_DATE, 
			END_DATE,
			REG_ID,
			REG_DEPT_CD,
			REG_DATE,
			ALT_DATE,
			ALT_EMP_NO
		) VALUES (
			#{vha0040.boardId},
			#{vha0040.boardTitle},
			#{vha0040.boardContent},
			0,
			#{vha0040.startDate}, 
			#{vha0040.endDate},
			#{regEmpNo},
			#{regDeptCd},
			SYSDATE,
			SYSDATE,
			#{regEmpNo}
		)
	</insert>

	<!-- 게시물 수정 -->
	<update id="updateOne">
		UPDATE WBNG.WT_VH_BOARD SET
			BOARD_TITLE = #{vha0040.boardTitle},
			BOARD_CONTENT = #{vha0040.boardContent},
			START_DATE = #{vha0040.startDate},
			END_DATE = #{vha0040.endDate},
			ALT_DATE = SYSDATE,
			ALT_EMP_NO = #{altEmpNo}
		WHERE BOARD_ID = #{vha0040.boardId}
	</update>

	<!-- 조회수 증가 -->
	<update id="increaseViewNum">
		UPDATE WBNG.WT_VH_BOARD SET
			VIEW_NUM = VIEW_NUM + 1,
			ALT_DATE = SYSDATE,
			ALT_EMP_NO = #{altEmpNo}
		WHERE BOARD_ID = #{boardId}
	</update>

	<!-- 삭제처리 (`deleteStatus` 컬럼 변경) -->
	<update id="deleteOne">
		UPDATE WBNG.WT_VH_BOARD SET
			DELETE_STATUS = 'Y',
			ALT_DATE = SYSDATE,
			ALT_EMP_NO = #{altEmpNo}
		WHERE BOARD_ID = #{boardId}
	</update>

</mapper>
