<?xml version="1.0" encoding="UTF-8" ?>
<!DOCTYPE mapper
        PUBLIC "-//mybatis.org//DTD Mapper 3.0//EN"
        "http://mybatis.org/dtd/mybatis-3-mapper.dtd">
<mapper namespace="com.ktng.ws2020.domain.vha.dao.VHA0020Mapper">
	<!-- 차량관리_V1.0.sql -->

	<!-- 1. grid CRUD -->
	<select id="selectGrid" resultType="com.ktng.ws2020.domain.vha.model.VHA0020DTO">
		SELECT VHCL_NO             ,     /* 차량번호                        */
		       VHCL_NM             ,     /* 차종                            */
		       OWN_TY              ,     /* 소유[1:회사|2:임차]             */
		       FUEL_TY             ,     /* 연료[1:휘|2:경|3:LPG]           */
		       PRODUCT_YM          ,     /* 연식                            */
		       VHCL_DEPT_CD        ,     /* 배차부서                        */	
		       RECORD_DT           ,     /* 등록일                          */
		       EXPIRE_DT           ,     /* 종료일                          */
		       USE_YN              ,     /* 사용유무                        */
		       VH_TYPE             ,
		       VH_NOTE             ,
		       ALT_EMP_NO          ,     /* 변경자                          */
		       ALT_DATE                  /* 변경일시                        */	
		  FROM WBNG.WT_VH_VEHICLE        
		 WHERE VHCL_DEPT_CD LIKE #{vhclDeptCd} || '%' -- 조건1:부서코드
		   AND USE_YN LIKE #{useYn} || '%'             -- 조건2:사용여부
		 ORDER BY VHCL_DEPT_CD, VHCL_NO
	</select>

	<insert id="insertGrid">
		INSERT INTO WBNG.WT_VH_VEHICLE (
			VHCL_NO             ,     /* 차량번호                        */
			VHCL_NM             ,     /* 차종                            */
			OWN_TY              ,     /* 소유[1:회사|2:임차]             */
			FUEL_TY             ,     /* 연료[1:휘|2:경|3:LPG]           */
			PRODUCT_YM          ,     /* 연식                            */
			VHCL_DEPT_CD        ,     /* 배차부서                        */	
			RECORD_DT           ,     /* 등록일                          */
			EXPIRE_DT           ,     /* 종료일                          */
			USE_YN              ,     /* 사용유무                        */
			VH_TYPE             ,
			VH_NOTE             ,
			ALT_EMP_NO          ,     /* 변경자                          */
			ALT_DATE                  /* 변경일시                        */	
		) VALUES (
			#{vha0020.vhclNo},
			#{vha0020.vhclNm},
			#{vha0020.ownTy},
			#{vha0020.fuelTy},
			#{vha0020.productYm},
			#{vha0020.vhclDeptCd},
			#{vha0020.recordDt},
			#{vha0020.expireDt},
			#{vha0020.useYn},
			#{vha0020.vhType},
			#{vha0020.vhNote},
		    #{altEmpNo},
		    SYSDATE
		)
	</insert>

	<update id="updateGrid">
		UPDATE WBNG.WT_VH_VEHICLE SET
			VHCL_NM = #{vha0020.vhclNm},                 /* 차종                            */
			OWN_TY = #{vha0020.ownTy},                  /* 소유[1:회사|2:임차]             */
			FUEL_TY = #{vha0020.fuelTy},                 /* 연료[1:휘|2:경|3:LPG]           */
			PRODUCT_YM = #{vha0020.productYm},              /* 연식                            */
			VHCL_DEPT_CD = #{vha0020.vhclDeptCd},            /* 배차부서                        */	
			RECORD_DT = #{vha0020.recordDt},               /* 등록일                          */
			EXPIRE_DT = #{vha0020.expireDt},               /* 종료일                          */
			USE_YN = #{vha0020.useYn},                  /* 사용유무                        */
			VH_TYPE = #{vha0020.vhType},            
			VH_NOTE = #{vha0020.vhNote},            
		    ALT_EMP_NO = #{altEmpNo},
		    ALT_DATE = SYSDATE
		WHERE VHCL_NO = #{vha0020.vhclNo}
	</update>

	<delete id="deleteGrid">
		DELETE FROM WBNG.WT_VH_VEHICLE
		WHERE VHCL_NO IN (
		<foreach collection="vha0020List" item="vha0020" separator=",">
			#{vha0020.vhclNo}
		</foreach>
			)
	</delete>

	<!-- id로 조회 -->
	<select id="selectById" resultType="com.ktng.ws2020.domain.vha.model.VHA0020DTO">
		SELECT VHCL_NO             ,     /* 차량번호                        */
		       VHCL_NM             ,     /* 차종                            */
		       OWN_TY              ,     /* 소유[1:회사|2:임차]             */
		       FUEL_TY             ,     /* 연료[1:휘|2:경|3:LPG]           */
		       PRODUCT_YM          ,     /* 연식                            */
		       VHCL_DEPT_CD        ,     /* 배차부서                        */	
		       RECORD_DT           ,     /* 등록일                          */
		       EXPIRE_DT           ,     /* 종료일                          */
		       USE_YN              ,     /* 사용유무                        */
		       VH_TYPE             ,
		       VH_NOTE             ,
		       ALT_EMP_NO          ,     /* 변경자                          */
		       ALT_DATE                  /* 변경일시                        */	
		  FROM WBNG.WT_VH_VEHICLE
		 WHERE VHCL_NO = #{vhclNo}
	</select>

</mapper>
