<?xml version="1.0" encoding="UTF-8" ?>
<!DOCTYPE mapper
        PUBLIC "-//mybatis.org//DTD Mapper 3.0//EN"
        "http://mybatis.org/dtd/mybatis-3-mapper.dtd">
<mapper namespace="com.ktng.ws2020.domain.vha.dao.VHA0010Mapper">
	<!-- 배차부서관리_V1.0.sql -->

	<!-- 1. grid CRUD -->
	<select id="selectGrid" resultType="com.ktng.ws2020.domain.vha.model.VHA0010DTO">
		SELECT VHCL_DEPT_CD,
		       VHCL_DEPT_NM,
		       VHCL_DEPT_PN,
		       VHCL_EMP_PN,
		       RECORD_DT,
		       EXPIRE_DT,
		       USE_YN,
		       AUTH_GUBUN,
		       BONBU_USE_YN,
		       NOTE
		  FROM WBNG.WT_VH_DEPT
		 WHERE VHCL_DEPT_NM LIKE #{vhclDeptNm} || '%'
		 ORDER BY VHCL_DEPT_CD 
	</select>

	<insert id="insertGrid">
		INSERT INTO WBNG.WT_VH_DEPT (
		    VHCL_DEPT_CD,
		    VHCL_DEPT_NM,
		    VHCL_DEPT_PN,
		    VHCL_EMP_PN,
		    RECORD_DT,
		    EXPIRE_DT,
		    USE_YN,
		    AUTH_GUBUN,
		    BONBU_USE_YN,
		    NOTE,
		    ALT_EMP_NO,
		    ALT_DATE
		) VALUES (
		    #{vha0010.vhclDeptCd},
		    #{vha0010.vhclDeptNm},
		    #{vha0010.vhclDeptPn},
		    #{vha0010.vhclEmpPn},
		    #{vha0010.recordDt},
		    #{vha0010.expireDt},
		    #{vha0010.useYn},
		    #{vha0010.authGubun},
		    #{vha0010.bonbuUseYn},
		    #{vha0010.note},
		    #{altEmpNo},
		    SYSDATE
		)
	</insert>

	<update id="updateGrid">
		UPDATE WBNG.WT_VH_DEPT SET
		    VHCL_DEPT_NM = #{vha0010.vhclDeptNm},
		    VHCL_DEPT_PN = #{vha0010.vhclDeptPn},
		    VHCL_EMP_PN = #{vha0010.vhclEmpPn},
		    RECORD_DT = #{vha0010.recordDt},
		    EXPIRE_DT = #{vha0010.expireDt},
		    USE_YN = #{vha0010.useYn},
		    AUTH_GUBUN = #{vha0010.authGubun},
		    BONBU_USE_YN = #{vha0010.bonbuUseYn},
		    NOTE = #{vha0010.note},
		    ALT_EMP_NO = #{altEmpNo},
		    ALT_DATE = SYSDATE
		WHERE VHCL_DEPT_CD = #{vha0010.vhclDeptCd}
	</update>

	<delete id="deleteGrid">
		DELETE FROM WBNG.WT_VH_DEPT
		WHERE VHCL_DEPT_CD IN (
		<foreach collection="vha0010List" item="vha0010" separator=",">
			#{vha0010.vhclDeptCd}
		</foreach>
			)
	</delete>

	<!-- id로 조회 -->
	<select id="selectById" resultType="com.ktng.ws2020.domain.vha.model.VHA0010DTO">
		SELECT VHCL_DEPT_CD,
		       VHCL_DEPT_NM,
		       VHCL_DEPT_PN,
		       VHCL_EMP_PN,
		       RECORD_DT,
		       EXPIRE_DT,
		       USE_YN,
		       AUTH_GUBUN,
		       BONBU_USE_YN,
		       NOTE
		  FROM WBNG.WT_VH_DEPT
		 WHERE VHCL_DEPT_CD = #{vhclDeptCd}
	</select>

</mapper>
