<?xml version="1.0" encoding="UTF-8" ?>
<!DOCTYPE mapper
        PUBLIC "-//mybatis.org//DTD Mapper 3.0//EN"
        "http://mybatis.org/dtd/mybatis-3-mapper.dtd">
<mapper namespace="com.ktng.ws2020.domain.vha.dao.VHA0030Mapper">
	<!-- 운전원관리_V1.0.sql -->

	<!-- 1. grid CRUD -->
	<select id="selectGrid" resultType="com.ktng.ws2020.domain.vha.model.VHA0030DTO">
		SELECT DRIVER_NO    , /* 운전원번호          */
		       DRIVER_NM    , /* 성명                */
		       DRIVER_TY    , /* 구분[1:계약|2:위탁] */
		       CELL_PN      , /* 휴대전화번호        */
		       VHCL_DEPT_CD , /* 배차부서            */
		       RECORD_DT    , /* 등록일              */
		       EXPIRE_DT    , /* 종료일              */
		       USE_YN         /* 근무여부            */
		  FROM WBNG.WT_VH_DRIVER   
		 WHERE VHCL_DEPT_CD LIKE #{vhclDeptCd} || '%'
		   AND USE_YN LIKE #{useYn} || '%'
		 ORDER BY VHCL_DEPT_CD, DRIVER_NO
	</select>

	<insert id="insertGrid">
		INSERT INTO WBNG.WT_VH_DRIVER (
			DRIVER_NO    , /* 운전원번호          */
			DRIVER_NM    , /* 성명                */
			DRIVER_TY    , /* 구분[1:계약|2:위탁] */
			CELL_PN      , /* 휴대전화번호        */
			VHCL_DEPT_CD , /* 배차부서            */
			RECORD_DT    , /* 등록일              */
			EXPIRE_DT    , /* 종료일              */
			USE_YN       , /* 근무여부            */
			ALT_EMP_NO          ,     /* 변경자                          */
			ALT_DATE                  /* 변경일시                        */	
		) VALUES (
			#{vha0030.driverNo},
			#{vha0030.driverNm},
			#{vha0030.driverTy},
			#{vha0030.cellPn},
			#{vha0030.vhclDeptCd},
			#{vha0030.recordDt},
			#{vha0030.expireDt},
			#{vha0030.useYn},
		    #{altEmpNo},
		    SYSDATE
		)
	</insert>

	<update id="updateGrid">
		UPDATE WBNG.WT_VH_DRIVER SET
			DRIVER_NM = #{vha0030.driverNm},     /* 성명                */
			DRIVER_TY = #{vha0030.driverTy},     /* 구분[1:계약|2:위탁] */
			CELL_PN = #{vha0030.cellPn},       /* 휴대전화번호        */
			VHCL_DEPT_CD = #{vha0030.vhclDeptCd},  /* 배차부서            */
			RECORD_DT = #{vha0030.recordDt},     /* 등록일              */
			EXPIRE_DT = #{vha0030.expireDt},     /* 종료일              */
			USE_YN = #{vha0030.useYn},        /* 근무여부            */
			ALT_EMP_NO = #{altEmpNo},               /* 변경자                          */
			ALT_DATE = SYSDATE                  /* 변경일시                        */	
		WHERE DRIVER_NO = #{vha0030.driverNo}
	</update>

	<delete id="deleteGrid">
		DELETE FROM WBNG.WT_VH_DRIVER
		WHERE DRIVER_NO IN (
		<foreach collection="vha0030List" item="vha0030" separator=",">
			#{vha0030.driverNo}
		</foreach>
			)
	</delete>

	<!-- id로 조회 -->
	<select id="selectById" resultType="com.ktng.ws2020.domain.vha.model.VHA0030DTO">
		SELECT DRIVER_NO    , /* 운전원번호          */
		       DRIVER_NM    , /* 성명                */
		       DRIVER_TY    , /* 구분[1:계약|2:위탁] */
		       CELL_PN      , /* 휴대전화번호        */
		       VHCL_DEPT_CD , /* 배차부서            */
		       RECORD_DT    , /* 등록일              */
		       EXPIRE_DT    , /* 종료일              */
		       USE_YN         /* 근무여부            */
		  FROM WBNG.WT_VH_DRIVER
		 WHERE DRIVER_NO = #{driverNo}
	</select>

</mapper>
